ponpon01,https://yamazaru.exblog.jp/22736524/
inamura01,https://yamazaru.exblog.jp/22812862/
buna01,https://yamazaru.exblog.jp/22832886/
maya01,https://yamazaru.exblog.jp/22859079/
horai01,https://yamazaru.exblog.jp/22896811/
iwawaki01,https://yamazaru.exblog.jp/22969376/
myojin01,https://yamazaru.exblog.jp/23136510/
hira01,https://yamazaru.exblog.jp/23055612/
sugoroku01,https://yamazaru.exblog.jp/23102516/
sugoroku02,https://yamazaru.exblog.jp/23141241/
jigoku01,https://yamazaru.exblog.jp/23241546/
hotaka01,https://yamazaru.exblog.jp/23244049/
amagoi01,https://yamazaru.exblog.jp/23343964/
atago01,https://yamazaru.exblog.jp/23367636/
soni01,https://yamazaru.exblog.jp/23404719/
konpira01,https://yamazaru.exblog.jp/23486851/
yakushima01,https://yamazaru.exblog.jp/23761621/
rokko01,https://yamazaru.exblog.jp/23917651/
horai02,https://yamazaru.exblog.jp/237100545/
jatani01,https://yamazaru.exblog.jp/237152792/
kongou01,https://yamazaru.exblog.jp/237152818/
kitadake01,https://yamazaru.exblog.jp/238389655/
ryuou01,https://yamazaru.exblog.jp/237875635/
kuju01,https://yamazaru.exblog.jp/238634486/
hakusan01,https://yamazaru.exblog.jp/238740989/
kisokoma01,https://yamazaru.exblog.jp/238949668/
buna02,https://yamazaru.exblog.jp/239738482/
ikegoya01,https://handai-climbing.jimdofree.com/2019/12/20/白鬚岳-池木小屋縦走/
buna03,https://yamazaru.exblog.jp/240152818/
hachimantai01,https://yamazaru.exblog.jp/240209974/\